ID,Nome,Telem�vel,Refer�ncia,Fam�lia de,Nacionalidade,Pedidos,Notas,Telemovel,Referencia
,Clifford Yundt,,,,,,,+12665892451,Spencer Boyle
1,Mable Ferry,910488849,colega,3,"Brasileira ",,menina 11 anos,+18348054525,Katrina VonRueden
2,Bert Adams,938375806,,,Bangladesh,,,+19262274871,Catherine Nienow
3,Jenna Lemke,966536990,,,,,,+19697101855,Miss Joan Reynolds
4,Doug Pfeffer,927505977,"Adjamila ",2,S�o Tom�,,,+16597618103,Eula Bradtke
5,Alvin Larson Jr.,937039930,colega adriano,6,Brasileira,"Passa � frente na fila. ",boys 4 and 5,+14462655277,Willard Mayert
6,Kari Bogan,938176136,"amigo ",1,brasileiro,,,+15388436822,Brooke Balistreri DVM
7,Johanna Bogisich,966141593,"D.Am�lia ",4,"S�o Tom� ",,,+16358182275,Katherine Adams
8,Alicia Carroll,934844889,Janaina (igreja),,,,Avisados,+16953849130,Alyssa Herzog
9,Eduardo Rice,920135065,Junta S L�zaro,3,,girl 3 boy 6,Avisados,+14846904964,Alex Hintz
10,Walter Hodkiewicz,915206220,"J�ssica ",1,Brasileira,,,+13166829097,Janet Predovic
11,Shannon Ernser,964724982,Facebook,4,Brasileiro,menino 1m,,+15578433423,Ray Ernser
12,Perry Yost,,17 anos,,Senegal,,Adolescer,+12568703705,Benjamin Farrell
13,Wanda Ankunding,915681662,"redes sociais ",2,"Argentina ",,,+14308921918,Erma Walter II
14,Kristin Corkery,911053996,Daiana,1,Colombiano,,,+19877290092,Marcella Hammes
15,Angel Jacobi,913099435,Ucranian chat,,Ucraniana,,,+17252691290,Eddie Strosin I
16,Elaine Funk Sr.,933341474,amiga,4,brasileira,,,+13978878118,Jonathan Weissnat
17,Elsa Friesen IV,913415678,Facebook,4,"Portugu�s ",menino 4,casa de brincar,+16538855521,Alton Dickens
18,Leona Pacocha,915710815,,,Brasileiros,,,+16296055829,Allan Bednar
19,Angelina Ernser,966303307,Sa de miranda,1,"Espanhol ",,,+19292223224,Mr. Scott Ullrich
20,Josefina Bradtke,,16 anos,,G�mbia,,Adolescer,+17298037378,Ana Carroll
21,Elsa Parisian,914053852,Bruno Mesquita,4,Brasileiros,,,+15423217043,Jaime Zieme
22,Fannie Graham,,T�nia,,,,,+14059502695,Lynne Howell
23,Nicolas Jacobi,933651314,"D. Am�lia ",,,"camas crian�a e adulto sof�s, mesa, ",,+14963909512,Diane Buckridge-Olson
24,Ross Bednar,938558466,amiga,4,"angola ",,,+13964848042,Dr. Cameron Corwin
25,Richard Kassulke,910841296,amigos,5,"Guin� ",,"gr�vida ",+15183164164,Vicky Kulas-Lebsack
26,Dr. Luther McDermott,914230577,"Carla ",,,,,+19386672381,Tina Herman
27,Claude Gutmann,931892315,Sa ser Miranda,2,Em Salvador,,,+12693324008,Dr. Jermaine Ruecker PhD
28,Lisa Romaguera,910500196,amiga,4,portuguesa,,gr�vida  e menino 6 anos,+16487333659,Fred Howell
29,Mr. Jesus Bednar,913608146,amiga,1,portuguesa,,,+19566935452,Karl O'Hara-O'Keefe V
30,Dr. Eric Paucek,98872764,amigo,4,brasileira,,,+14299808751,Regina Waters
31,Amelia Cormier,913175380,Amiga,4,Brasileiro,,,+19385676639,Lena Howe
32,Kellie Pfannerstill DVM,939143275,irm�,5,"brasileira ",,,+14292119478,Valerie Schoen III
33,Carrie Mueller,933950510,,3,brasileira,,,+19776394541,Mrs. Traci Keebler
34,Wilbert Durgan,910823837,Yelizavete,4,Ucraniana,,,+13149326215,Benny Koelpin
35,Grace Hagenes,912840805,,,,,,+15353716014,Allan Reinger Sr.
36,Clinton Waelchi,95723513,Let�cia,,,,,+12452011520,Alfredo Schinner
37,Bernard King,965173165,Mila,1,Brasileiro,,,+18289659773,Lynn Rogahn
38,Brandon Hackett MD,932335321,amigos,2,"colombiano ",,,+18053055800,Desiree Goldner Sr.
39,Mitchell Dickens II,915723513,s. votor,3,"brasileiro ",,,+13783936203,Dr. Curtis Jenkins
40,Darrel Effertz,925525491,Junta S�o L�zaro,,,,,+18153610565,Leah Will
41,Elsa Willms,938031930,Evelin,4,Colombiano,,,+16823988305,Gail O'Reilly
42,Guadalupe Pouros,913809383,"amiga ",2,"brasileira ",,,+15539576380,Mr. Alfredo McDermott DVM
43,Tracey Wyman,913539478,Amiga,1,Brasileira,,,+14315742101,Wilson Murazik
44,Herman Zemlak,937200673,grupo wpp,1,"brasileira ",,,+14156246028,Sarah Gutkowski
45,Tasha Feest,929157803,Amigo Ladi,2,Columbiano,,Menina 3,+13548901122,Loren Hessel
46,Terrance Connelly,931411102,,1,colombiana,,,+15575213368,Billy Yundt
47,Andre Herzog,960080155,"Junta Freguesia ",,"venezuela ",,,+15596159201,Robin Franey
48,Genevieve Zboncak,914915016,amigo,1,"portugu�s ",,projeto homem,+16539837882,Maryann Wilkinson
49,Mr. Mathew Abernathy,913822696,namorado 233,4,Portuguesa,,G�meos 4,+17035264630,Alexander Wolf
50,Nicole Schamberger,932050226,Farhad,2,Peruano,,,+16634915798,Harriet Bogan
51,Bernice Rath,931879310,6,4,brasileira,,,+13053685627,Tracy Sporer V
52,Leticia Kuvalis,911949057,amigos,3,"Brasileiro ",,menina 3 anos,+16465881410,Kristy D'Amore
53,Gary Armstrong-Windler I,936074550,Elisandra,,Portuguesa,,,+13706241467,Calvin Gerhold
54,Maria Romaguera,911949057,"amigo ",3,brasileira,,,+17716666396,Ada McDermott
55,Jermaine Jast,963427305,,2,Brasileiro,,,+12888718804,Jeanette Schmitt
56,Wade O'Hara,912921623,"Junta Freg S�o Laz ",2,Brasileiros,,,+17066605594,Marshall Gutmann
57,Rosie Cassin,920039998,,3,Nepal,menino 7m,,+15827987140,Adrienne Powlowski MD
58,Bob Hyatt DVM,,"Igreja S. L�zaro ",,"Port./Mo�ambique ",5 filhos fora,Vive na rua,+13508548196,Pamela Weimann DDS
59,Ivan Howe,931922795,amigo,2,"Venezuela ",,"menino 1 ano ",+12288623240,Wanda Little
60,Gwen Mills,913762595,Funci. Shopping,4,portugu�sa,2 meninas 1 e 6 anos,,+13268099539,Marion Denesik
61,Sheila Willms,920236551,,,,,,+12106871773,Ruby Botsford-Ziemann
62,Lynette Huel,,Brasileiros,,Brasileiros,,,+18348330288,Irving Fadel-Weimann
63,Mable Beier,926603248,amiga,3,"Uruguai ",,,+13887485296,Willis Kling
64,Marianne Mante,920121067,Rapariga Brasileira,6,Columbiana,,,+15209637749,Jerald Weissnat
65,Jeannie VonRueden,914275185,amigo,3,colombiana,,,+18216785741,Allison Willms IV
66,Sherman Leannon,913325267,amigos,3,"brasileira ",,,+14984315470,Beatrice Effertz
67,Jacquelyn Heidenreich,920187946,amigos,4,"Guin� ",,menina 3,+14038883251,Matthew Deckow PhD
68,Bert Turcotte,920076610,Micael - ucraniano,1,Ucraniano,,,+19615393719,Neil Schumm DVM
69,Verna Corkery,927963755,Amiga,4,Brasileiro,,Boys 12 e 19,+18758262364,Sherman Wiegand
70,Mrs. Monique Block,933950482,amigo,3,brasileiro,,,+16699897372,Brooke Heidenreich-Schulist
71,Toby Greenfelder,969632750,amigo,4,"brasileiros ",,,+13175512424,Ruby O'Kon
72,Terry Ledner,964892761,Local de trabalho,,,,,+16164225779,Antoinette Crona
73,Kellie Feest,933597119,"Grupo de doa��o ",3,"Brasileiro ",,,+14824978909,Moses Moen
74,Roland Haag,961075812,Amigo,5,"brasileiros ",,,+17769474752,Myrtle Stracke
75,Abel Muller II,,S� de Miranda,2,Colombiano,,,+13442023959,Sarah Nikolaus
76,Jon Reynolds PhD,915511952,publica��o,3,"colombiano ",,,+19437025187,Jermaine Durgan
77,Clara Emard,915224536,Amigos brasileiros,,Brasileiros,,,+16415774473,Alvin Lehner Sr.
78,Nora Bode,965891064,amiga,4,Brasileiro,,,+13822886139,Jim Herman
79,Randal Murazik,911598429,"Colega ",2,"Brasileiros ",,,+18747126014,Ismael Ritchie
80,Wendell Abernathy,937331431,amigo,3,brasileiro,,,+17567196803,Candice Kunze
81,Sarah Morissette,920486990,Prof. Ana AS,3,,,Columbianos,+16354491429,Drew Hyatt
82,Colin Robel PhD,920486990,escola sampaio,3,"colombianos ",,,+14619811666,Ramon Schaden
83,Irene Mayer,912011605,amigo,4,"Argentina ",,,+15534453661,Perry Leuschke-Willms IV
84,Kari Fisher,935997529,"Amiga elisandra ",6,"Cabo verdiana ",,,+15133384476,Nancy Lebsack
85,Anna Dach,920480420,Amiga,4,Nepal,,,+13103781496,Mr. Salvatore Lynch
86,Tracy Hartmann,910227255,escola sampaio,3,colombianos,,,+16443793918,Malcolm Hahn
87,Leticia Hilll Sr.,9868864827,,3,"Cubana ",,,+12163490998,Pablo Pfeffer
88,Sally McKenzie,915258599,Amiga,3,Portuguesa,,Girl 2 Boy 11,+15767323361,Darlene Wilkinson
89,Lucas Grant,932409663,Adriana,4,Brasileiro,,,+15842829730,Judith Olson
90,Rufus Shields,914417132,"Sobrinha tamara ",2,"Brasileira ",,,+14629154507,Mrs. Miranda Langosh
91,Lila Krajcik,93789991,amigos,3,"brasileiro ",,,+17956985662,Claire Wisozk-Bogan
92,Josefina Langworth,912225441,VaP   K37,,,,Avisados,+14359070096,Johnathan Fay
93,Otis Dietrich,930531090,amigo,1,"portuguesa ",,,+15719766517,Helen Oberbrunner
94,Inez Kuphal Sr.,04129437055,Amiga,2,Espanhola,,,+13276589450,Joy Jerde
95,Mr. Rick Ziemann DDS,921461709,"Carla ",,,,,+15982085156,Doyle Hoeger III
96,Carolyn Mosciski-Parker,913715096,,4,Colombiano,,,+16982520418,Louise Hickle
97,Ana Abernathy IV,935579765,amiga,4,,,,+18683799993,Mr. Julio Konopelski
98,Steven Reynolds PhD,935923927,Amiga Ladi,2,Columbiana,,Roupa gravida,+19132403822,Lawrence Kovacek
99,Randall Koelpin,933822623,amiga,3,brasileira,,,+16399994720,Kristin Hintz
100,Dr. Jenna Walker,964669355,amigo,,,,,+14805757241,Mr. Lawrence Ziemann
101,Tony Sporer,912357341,Colega,1,Brasileiro,,,+19065949289,Susie Upton II
102,Guadalupe Bruen,937094457,amigo,,,,,+18128124692,Gina Jerde
103,Katrina Nikolaus-Brekke,927115263,"Fam�lia ",5,Brasileiros,,,+19996251502,Malcolm Leannon
104,Nathan Hayes,938670704,ucranian chat,,Ucraniana,,,+15802317233,Garrett Pollich Jr.
105,Emilio Schaden,922296499,"Amiga samara ",3," Brasileiros",-5,,+17822771150,Dorothy O'Connell
106,Bob Deckow,914229802,,,,,,+14917477445,Teresa Halvorson
107,Mr. Pedro Oberbrunner,965344761,amiga,2,Brasileiros,,,+19405406445,Mr. Doug Romaguera
108,Sheila Abernathy,914060655,amigas,2,"colombiana ",,,+14903393266,Natasha Quitzon-Schimmel
109,Mr. Andy Cummings,935579714,Facebook,2,Brasileiro,,,+14758929359,Miss Tanya Boyle
110,Santiago Kunde,925269165,,,,,,+15788101648,Dianne Hackett
111,Elsie Kris,937922461,Janaina (igreja),4,brasileira,,ber�o e carrinho,+19887513749,Darnell Kertzmann
112,Noel Buckridge,926249072,,,,,,+16204400208,Julius Davis
113,Stephen Rohan,,"Igreja S. L�zaro ",,Portuguesa,2 filhos grandes,Vive na rua,+17725976367,Jeanette Barton
114,William Bashirian,912081435,Amigo,4,Brasileira,,,+13095358206,Jasmine Herman
115,Kate Fahey,962012690,amigo,1,colombiano,,,+18695308054,Bert Stanton
116,Benjamin Hand-Breitenberg,933139851,Amiga Adriana,,,,,+13668963183,Crystal Schuppe
117,Dianna Pfeffer,914053740," Colega de trabalho ",5,"Brasileira ",,,+12232130497,Dr. George Botsford
118,Paul Bode,,amiga,1,"s�o Tom� ",,,+14625948161,Dr. Eddie Abernathy
119,Ramon Wehner PhD,,Amiga,3,Brasileiro,,,+19187788851,Claude Pacocha V
120,Cindy Christiansen DDS,920966577,professora Ana,,,,,+14284836115,Marion King
121,Beverly Nitzsche,,VAP,1,Guatemala,,,+19002373574,Rosa Conroy
122,Maxine Hahn,931922697,amigo,3,"colombiano ",,menino 1 ano,+13867239673,Elbert Bruen DDS
123,Carlton Satterfield,912729185,amigas,4,brasileira,,,+19738204136,George Kihn
124,Dallas Renner,910476644,Igreja Janaina,1,Brasileira,,,+15372677102,Terrance Metz
125,Lora Spinka,932274981,grupo,5,,,,+15059880530,Allison Lockman
126,Nicholas Pollich,920577853,"Grupo ucraniano ",3,ucraniano,,,+14737535747,Elias Durgan
127,Miguel Hand,964126497,Palmira,3,"Portugu�s ",,,+12975260392,Megan D'Amore
128,Jermaine Fay,934393959,"Sogra ",4,Cabo verdiana,,,+13259355191,Marian Hayes
129,Clinton Fahey II,938854133,Junta de Freguesia,3,Brasileiro,,,+12796471226,Chris McKenzie
130,Abraham Harvey,912344256,amiga,3,brasileira,,,+12602619047,Wayne Reinger
131,Donnie Hirthe,961659597,"Carla associa��o ",2,"Brasileira ",,,+18427419299,Mr. Manuel Aufderhar
132,Holly Mohr,929343341,Colega,2,Angolano,,,+12995954969,Dr. Deborah Dibbert
133,Tiffany Fadel,931391767,amigos,1,brasileiro,,,+18053479581,Jimmy Labadie PhD
134,Jacqueline Donnelly-Schultz,914139394,Amiga,3,Brasileira,,,+15187484722,Dianne Schaden II
135,Teri Morar,937874448,amigos,,Argentinos,,,+18592845121,Rosalie Keebler
136,Noel King,934239236,prima,3,"angolana e portuguesa ",,"menino 1 ano ",+18003606935,Joyce Hoeger
137,Jackie Jast,912287782,,,"Brasileiro ",,,+15526846352,Elijah Okuneva
138,Kellie Donnelly,933420983,,,Columbiana,,,+17006779155,Marco Stracke
139,Ida Daugherty,912171322,amigo,2,"brasileiro ",,,+16228426972,Bennie Kling
140,Lola Krajcik,920491438,amiga,3,brasileira,,,+13296172402,Paul Monahan
141,Roberto Hartmann MD,932729740,amigo,3,Angolana,,girl 10 boy 1,+14433600683,Lee Trantow-Rosenbaum II
142,Kara Pollich,966947940,amiga,3,Brasileiro,,beb�,+17359316454,Dr. Earnest Reilly
143,Kurt Kuhn,912753793,Wiliane,3,Haitiana,,menino 2 anos,+13032087024,Warren Cruickshank
144,Juana Skiles,920130195,"irm� ",5,"Guin� ",,meninos 3 anos e 1 ano,+14557144321,Lucille Bechtelar
145,Misty Kuhic,920586585,"amigo ",3,brasileiro,,,+13085527460,Myra D'Amore
146,Dale Crona,910632799,colega de trabalho,2,Brasileiro,,,+19533841645,Candace Rowe
147,Perry Bednar,925689089,"Facebook ",3,brasileira,,len��is,+13777591774,Jimmie Beahan
148,Bridget Torphy,961066193,amigo,4,Brasileiro,,,+17278540125,Otis Mante
149,Jeannie Kilback,924882039,institui��o,4,brasileira,babycoc,"menina 2anos e gr�vida ",+14968722662,Flora Shanahan DVM
150,Howard Stokes,931183135,Amiga brasileira,,,computador e aspirador,,+14324980905,Krystal Kihn
151,Dr. Craig Nikolaus,,,1,Brasileiro,,,+12188848635,Bryant Hagenes PhD
152,Warren Howe,920129627,,,,,,+18912749918,Mildred Toy
153,Dr. Sally Cormier,929051052,"Sa de Miranda ",2,"Espanhol ",,,+12036892035,Dominick Kutch
154,Patrick McDermott,968557425,Ana Carolina,5,Uruguai,1 Cama solteiro estrato,,+13465425562,Franklin Smith
155,Antonio Miller,915770241,Facebook,5,"Brasileiros ","meninos 8, 12, 15",,+14502675853,Mr. Marcus Bashirian II
156,Mr. Rex Jones,920493584,amigo,3,brasileira,,,+19507903974,Sergio Swaniawski I
157,Simon Wolf,,,6,"Columbiana ",,,+18653740946,Deborah Blanda
158,Jessica Kirlin,929426766,Mila,4,"Brasileiro ",menino 7,,+13816883286,Ada Bogan
159,Mrs. Lori Leannon,931455846,namorado,2,peruana,,,+13745078364,Frederick Krajcik
160,Erika Hackett,966851057,amigos,3,"Brasileiros ",,,+13868947698,Ronnie Grimes
161,Charlie Corwin,910566522,Farhad,3,"brasileiro ",,12 anos e 22 anos,+13844531111,Miss Marianne Carter
162,Elbert Leannon,934844881,Mulher,3,"  Brasileiros",,,+12474420822,Pablo Torp
163,Lela Waelchi,933245903,amigo,2,brasileiro,,,+13163677618,Shari Russel
164,Grady Corkery,932746693,amigo,2,brasileiro,,,+12353510672,Cary Bogisich III
165,Otis Macejkovic,965173482,familiar,3,"brasileiro ",,roupas crian�a,+13396947435,Malcolm Donnelly
166,Lana Stamm,910134637,"amigo ",4,"colombiano ",,,+15375916719,Percy Okuneva Sr.
167,Rickey Renner,939424190,amigo,3,Portuguesa,,,+18406073811,Ernest Goldner
168,Troy Kreiger,915512998,Ana bravo,3,,,,+16338697922,Lorena Hahn
169,Dr. Devin Jaskolski,932218804,Amigas,1,Brasileiro,,,+14383788515,Jasmine Abshire
170,Patrick Bailey,931810163,primo,1,Peru,,,+14772428067,Joan Kemmer-Hermann
171,Jesse Collier,932048533,Redes Sociais,,,,,+15309175015,Samuel Macejkovic
172,Meghan Stoltenberg,962629510,,,,,,+13739505216,Antonia Barton
173,Moses Batz III,936799705,amigo,,,,,+17995079775,Lucille Johnson
174,Dr. Ira Cummings,932928757,,1,Brasileira,,,+16944051448,Pam Larson
175,Dr. Sherman Brown,915495109,Amigo,1,"Brasileiro ",,,+19143612659,Mitchell Little
176,Dr. Emily Gulgowski MD,910515359,Beneficiarios,3,Brasileiros,,,+18182372727,Lewis Sipes
177,Dr. Lance Olson Jr.,931923697,Amiga Ladi,1,Columbiana,,,+19167399494,Loretta Wyman
178,Mrs. Geraldine Schuster,914753515,Shopping,5,"Portugu�s ",,"girls 8, 19, 15",+15243161235,Arturo O'Reilly
179,Darla Hoeger,961432106,Amiga,5,Brasileira,,,+18844721689,Timothy Mohr
180,Michael Orn IV,918069936,Ucr�nia chat,3,"ucraniana ",,,+19167739179,Brent Gutmann
181,Jenny Leffler,914081609,Visita,1,Brasileira,,,+14338666600,Sophie Metz
182,Josephine VonRueden,911991285,amiga,3,brasileira,,,+15976600499,Cornelius Howe
183,Joey Hayes,911152743,Fabiano,3,Brasileira,,,+15193607025,Kirk Harvey
184,Jonathon Kozey,920330758,prima,2,,,,+12197149084,Velma Bahringer I
185,Marcus Durgan PhD,925561083,Amiga,3,Cuba,,Girl 6,+13244228103,Mrs. Joyce Raynor MD
186,Leslie Cronin,934983467,Primo,1,Peruano,,,+16139547751,Marian Johns
187,Monique Stroman,912287782,amigo,,,,,+14588278923,Carmen Wehner
188,Ben Kessler Sr.,,jaqueline,6,brasileira.,,,+13512435642,Douglas Lemke
189,Hubert Cronin,,filha de K37,,"brasileira ",,,+15043878348,Mr. Jonathan Daugherty
190,Kyle Carter,912913154,Amigo,4,"Brasileiro ",,"boy 10, 5, 8",+17927604543,Donald Langworth
191,Tricia Ernser,913073319,amigo,,,,,+18092458524,Elvira Bode
192,Irma Turcotte,911729551,Janaina,3,Brasileiro,,,+15536791988,Lula Morissette
193,Gilberto Daugherty,911729551,Janaina (igreja),,,,Avisados,+15665994326,Ms. Melinda Bailey
194,Doris Hintz IV,964918953,,2,"Brasileiro ",,,+15426130007,Miss Margarita Hudson
195,Marty Heathcote,913957849,,,,,Avisados,+14113130814,Emma Christiansen
196,Camille Upton,912298390,Janaina (igreja),,,,Avisados,+13249350328,Miss Raquel Hettinger
197,Emily Wisozk,926787027,amigo,1,"brasileiro ",,,+12946703572,Kellie Donnelly
198,Cassandra Hartmann,911930155,"farhad ",4,,,,+16505395175,Lynn Kutch
199,Ramon Ryan-Olson,963454721," VaP   K74",6,,,,+18007910480,Edmond King
200,Jaime Hintz,910799949,,1,"Brasileira ",,,+14288498652,Sally Grimes
201,Irving Herman-Zboncak,939988859,"grupo de redes sociais ",4,brasileira,,menina 9 e menino 3,+18942594441,Gregory Watsica
202,Cesar Bogan MD,911930155,Farhad,5,"Colombiano ",,,+13865337933,Mrs. Margarita Pfeffer
203,Michele Ankunding,920466577,Alberto Sampaio,6,Columbianos,,,+18542979533,Mrs. Opal Crooks IV
204,Phyllis Leuschke,920466577,escola sampaio,6,columbianos,,,+14325041092,Debra Hansen
205,Mr. Dale Jaskolski,936531083,Fahrad,5,"Colombiano ","1 cama de solteiro. Bairro da Alegria. ",,+13443307609,Nick Mayert
206,Kimberly Purdy,935098771,amiga,1,Angolano,,,+16869475425,Mrs. Denise Barton
207,Daniel Waters,965336800,Carla - Hostel,,,,,+17612503440,Darla Christiansen
208,Jake Pagac V,932703110,amigo,,,,,+12944574903,Miriam Kutch
209,Sharon Lehner,934849387,Amigos brasileiros,,Brasileiro,,,+19293504095,Ellis Blanda
210,Danny Cronin,910210559,amiga,4,brasileira,,menina 2 anos,+15855271515,Hilda Schmitt
211,Todd Block,933260575,"Irm� Jaqueline Ferreira ",3,Brasileira,,,+12097437577,Darin Homenick
212,Bethany Metz,963233857,Conhecido Igor,2,Brasileiros,,,+15418753875,Gina Schroeder
213,Lindsay Turner,912344256,amiga,3,brasileira,,,+12254226037,Edith Dach
214,Jeannie Larkin,962396955,,1,Peruano,,,+14829897135,Alyssa Macejkovic
215,Jesse Volkman,932334797,amigo,1,brasileiro,,,+19493982453,Della Mills IV
216,Adam Lesch,920465010,associa��o ADOLESCER,5,"angola ",,"3 crian�as: 10 anos, 7 anos e 4 anos",+18687916024,Angelo Kautzer
217,Marco Russel,919116901,amigo,1,"portugu�s ",,,+12945469961,Eula Abernathy-Barrows
218,Harry Jast,962165701,Amigo,4,"Portugu�s ",,,+12703123193,Mr. Ismael Hirthe
219,Darin Harvey,932703357,amigo,2,,,,+16635773848,Kara Lynch
220,Jake Lemke-Stokes,912770167,colega,2,Portuguesa,,,+14798375512,Adrienne Mayer
221,Camille DuBuque,912770167,colega,2,portuguesa,,,+15782906648,Yolanda Blick
222,Kimberly Mohr,,,,"brasileiros ",,,+13784587701,Gayle Morissette
223,Andrea Simonis-McKenzie,912380823,,,,,,+16814149560,Ignacio Schaefer
224,Lorenzo Hand,915513290,Loja da frente,1,"Brasileiro ",,,+16476504753,Norma Upton-Satterfield
225,Erica Brown DVM,939059814,,,,,,+15062934238,Marty Satterfield
226,Alex Moen I,927756053,Mila,2,"brasileiros ",,,+16097607255,Mrs. Kristina Johnston
227,Opal DuBuque,932693581,,3,Brasileiro,,,+15515055285,Frank Prohaska
228,Jesse Tillman,920144702,,3,"colombianos ",,,+18419418017,Mattie Frami
229,Mr. Marty Rogahn,935837916,Primo,1,Espanhol,,,+18348778123,Tasha Heathcote
230,Kathy Mosciski,935100076,Farhad curso Port,,,,,+17618720207,Corey Smitham PhD
231,Travis Kirlin Jr.,968893553,,2,Brasileiro,,,+15596931242,Wanda Murray
232,Lindsay Hoeger,932567294,"Tio ",1,Espanhol,,,+14875448369,Russell Reinger
233,Dr. Kurt Herman,965173492,Amiga Ladi,5,Brasileiro,,,+19847400242,Pauline Flatley
234,Mrs. Gladys Beer PhD,911936091,,3,Portuguesa,,,+18412386383,Viola Dickens
235,Erin Blick,671519209,amigo,1,espanhol,,,+17619626266,Bob Marquardt
236,Toni Smith,938161178,Amiga,3,,,,+15424129739,Toby Champlin
237,Jamie Purdy IV,912920934,"familiares ",4,Brasileiros,,,+13493463642,Dr. Timothy Bins
238,Terri Beatty-Parker,," Cunhado ",4,"Brasileira ",,,+14269710615,Dr. Courtney Batz
239,Nicole Price DVM,920338264,amigo,1,Nepal,"gr�vida ",,+18509964639,Jason Breitenberg
240,Mathew Herman,932763066,,1,peruano,,,+14146387979,Juanita Treutel
241,Rex Lebsack,967908339,"amigo ",1,"colombiano ",,,+15198799582,Lewis Reinger
242,Diane Hessel,910226262,"escola Sampaio ",3,"colombiano ",,,+15254226884,Patsy Gleason
243,Ms. Holly Kunze,937 099 326,VaP (Farhad e Sandra),2,"Brasileiros ",,gravida,+18476699924,Wilbur Brown
244,Miss Tracy Lemke Jr.,932746847,Amiga,2,"Brasileiros ",,,+15215380150,Blake West
245,Reginald Hoeger,920076268,"Amiga ",6,,,,+14943819653,Johnny Oberbrunner
246,Ms. Jane Torphy,915863514,"amigo ",1,brasileiro,,,+12803476827,Rogelio Dickens
247,Mr. Raymond Moore DDS,920193081,Prof. S� Miranda,1,Argelino,,,+13498492134,Lucia Reichel
248,Rudolph Lindgren Jr.,961679926,Grupo de whatsapp,2,columbiano,,,+17436245325,Sandra Koss
249,Darrin Jacobson V,938058436,Amiga,10,"Espanhola ",,,+16698114898,Lucas Barrows
250,Monica Dickens,935008954,Amiga,1,"Colombiana ",,,+17933151861,Gina Wilkinson DVM
251,Gertrude Osinski,931708084,amigos,3,brasileira,,,+17955870395,Ms. Antonia Russel
252,Kristie Von,964057587,K37,1,Brasileira,,,+17868843848,Mr. Henry Schaefer II
253,Elena Collins,922296503,amiga,4,brasileira,,,+12702259119,Samantha Batz
254,Miss Pearl Dickens,914443334,volunt�ria yudi,4,,,,+13622950568,Sandy Weimann
255,Irma Schroeder,935217367,"Facebook ",9," Brasileiros ",,,+18864592951,Jeff Huel
256,Chris Larson,963766512,VaP   -  K68,,,,,+13613326245,Daryl Kerluke
257,Gladys Skiles,963766512,Vira a P�gina,6,Brasileiros,,,+12997725102,Gwen Kuhlman
258,Gregg Bednar,960286477,Farhad,1,Gambiano,,"virar a p�gina ",+19284362441,Lillian Jacobson
259,Miss Genevieve Kulas,932763505,Facebook,2,Columbiano,,,+16229328043,Vincent Lindgren
260,Ms. Cora Abshire,925316276,,,Bangladesh,,,+17394008975,Diana Runte
261,Reginald Block,,amigo,4,angolana,,,+16238752982,Bernice Gleichner Sr.
262,Bruce Stokes,,Colega,,,,,+16707640633,Lowell Pacocha
263,Linda Pfannerstill,932365631,amiga,3,azerbaijan,,,+16738816671,Angel Quigley
264,Terence Howe I,935682604,,,Ucraniana,,,+15582435643,Amy Kuhic
265,Becky Quigley,924715355,Amiga,4,Colombiano,,boys 16 and 12,+15082159701,Mr. Dwayne Schaden-MacGyver
266,Dr. Martin Lowe I,920032240,amigos,4,Nepal,,,+12445723866,Wanda Konopelski-Reichel
267,Ida Dare,968853306,Colega,2,Guin�,,Menino 6,+12564399364,Hector Botsford
268,Javier Ankunding,968853306,amiga,2,"Guin� ",,menino 6,+12497718931,Shannon Botsford
269,Amy Borer,936979267,K37,5,Portuguesa,,boy 2 girl 10,+15846551535,Clarence Crist
270,Kerry Grant,927550404,Carla,,,,,+17897636848,Ernestine Runolfsson
271,Dr. Victor Friesen Jr.,912344253,amigo,1,brasileiro,,,+13795269546,Mr. Clay McKenzie
272,Richard Romaguera,912949985,Amigo,1,Peruano,,,+19442504571,Marcella Monahan
273,Brian Weissnat,934850280,,,,,,+15607423914,Israel Kovacek
274,Leroy Weimann,935354271,amiga,,,,,+14837029380,Dwayne Gottlieb
275,Marie Mante,927312164,"amiga ",3,Columbiana,,,+16676192455,Dr. Louis Rowe
276,Kathleen Harvey,931135060,Facebook,3,Columbian,,"Girl 10 ",+12057902008,Kelvin Abernathy
277,Penny Haag,931174050,"Assistente social ",4,,,4 sacos de roupa,+18307657282,Traci Bailey
278,Darrin Barrows,964663621,Amiga,5,"Espanhola ",,,+12825360337,Mr. Morris Pacocha-Yundt
279,Cesar Cruickshank,913480693,Farhad - Ucraniana,,Ucraniana,"Lencois de bebe, alimentacoes",Apulia - gravida,+17473587174,Kristina Schulist
280,Isabel Bogisich,912720490,Ucranian chat,,Ucraniana,,,+19833997937,Christie Hane
281,Alex Rosenbaum,967524751,grupo de whatsapp,4,"columbianos ",,meninos 3 anos e 7 anos,+14382362953,Flora Smitham
282,Virgil Batz,915471449,Carla - Hostel,,,,,+14124885826,Ashley Gutmann
283,Darin Heller,925689419,amiga,2,"brasileira ",,,+17768989925,Mrs. Susie Jacobson
284,Ellis Towne,931421176,amigo,,,,,+14934354019,Gregg Marks
285,Jeremiah Morissette,558197479449,"Filha t�mara ",2,Brasileiros,,,+12845499807,Erma Huel
286,Miguel Romaguera,963569768,amigo,5,"Uruguai ",,,+13323437085,Vicki Emard MD
287,Santiago Muller,931810163,amigo,3,Peru,,menino 1,+14152149478,Franklin Kovacek
288,Fannie Schowalter,939439229,bebraga(wathsapp),2,brasileira,,,+18355236887,Brenda Lebsack
289,Wilbur Cole,938172668,"Carla associa��o ",3,Brasileira,,,+19553578076,Dr. Dave Bradtke
290,Rita Marvin,937099327,Sandra VAP,3,Brasileira,,beb� janeiro,+19636705912,Maureen Kemmer-Senger IV
291,Evelyn Dickinson,933062122,Amiga,2,"Portugu�s ",,,+12825779782,Cecilia Connelly
292,Misty Greenfelder,912217547,colega amigo,1,"portugu�s ",,mora na rua,+18662934073,Dr. Sophia Witting
293,Kelly Hoppe PhD,931134620,esposa,3,brasileira,,boy 12,+15537196593,Mr. Bill Stokes
294,Miss Glenda Mann IV,912380823,Alberto Sampaio/Farhad,3,Columbiano,,,+18135293819,Scott Wilderman
295,Delia Monahan,910765493,Palmira,1,"Portugu�s ",,,+15168517369,Levi McKenzie
296,Marilyn Mills,937385445,Amiga,1,"Brasileiro ",,,+19207023219,Dewey Emmerich
297,Alexandra Shanahan,914251480,amiga,1,colombiana,,,+15712399150,Bill Breitenberg
298,Sheldon Lynch,930617357,doutora Joana,3,"portuguesa ",,,+14734345408,Florence Steuber
299,Wilma Willms,935514638,Dra Paula SegSoc,,,,,+12266035358,Allan Cummings
300,Mr. Dewey Jast,932801372,"Alberto Sampaio ",7,Br�s./Columbia.,,,+16347466845,Ms. Norma Purdy-D'Amore
301,Garrett Zboncak,920164871,amigos,2,"Guin� ",,gravida,+12395993686,Lula Hills
302,Mr. Wayne Donnelly-Lindgren,925210520,,3,"B�lgaro ",,roupa bebe,+16865614044,Victor Flatley
303,Christie Blanda,913786381,VAP,4,Mexicana,meninos 5 e 8,,+14117817577,Saul Russel-Littel
304,Miss Miriam O'Kon,934709987,VaP   K37,3,,,Boys 2,+16757658340,Yvonne Jakubowski
305,Meghan VonRueden,934669566,Farhad,,,,,+12526030076,Jo Wolf
306,Dr. Lionel Mante,932533981,"Facebook ",2,columbiano,,,+17252885399,Patsy Toy
307,Leticia Jaskolski,,VaP,,,,,+13626764738,Minnie Price
308,Casey Kessler,964181124,VaP - K68,6,,,,+15342220716,Samuel Braun
309,Kellie Reinger,923934170,Amiga Ladi,1,Columbiana,,,+14593886076,Andy Konopelski
310,Kenneth Kuhn,933656067,Jaqueline K74,,,,,+12382458564,Bert Hammes
311,Shelley Bosco,926546350,,5,"Brasileiro ",,,+13679318502,Clayton Weimann
312,Ken Hermiston,912752924,prima,1,portuguesa,,,+18764715792,Kelli Connelly
313,Benny Reilly,965234390,Amiga,3,Colombianos,,,+19172766413,Raymond Frami
314,Boyd Leannon Sr.,,"Prima ",1,"Portuguesa ",,,+18588398730,Eugene Steuber I
315,Brent Mante II,914745964,Cigana,,,Carrinho 7m e 2,Avisados,+19018537534,Clay Lakin
316,Pearl Buckridge,969299206,"D. Adriana ",1,"brasileira ",,,+13147025721,Sergio Tillman V
317,Myrtle Corkery,962350725,Advogado Lu�s Miguel,5,Colombiana,,,+19887255867,Alonzo Blick
318,Leslie Miller,912516452,amiga,3,brasileira,,,+15662957300,Shelly Glover
319,Dale Pollich,965173482,T�nia,2,Brasileiros,,,+16739800700,Wilbur Ankunding
320,Mae Lind,,Colegas,"Centro ",Portuguesa,,,+19039622231,Julian Heaney
321,Marcos Renner,,guarda shopping,1,Portuguesa,,,+14666950857,Mr. Cesar Roberts
322,Ernesto Bruen,938472134,junta,,portuguesa,,,+18378035098,Raymond Bogisich
323,Andre Von,912193239,Amiga,3,Portuguesa,,Baby Girl Boys 5 and 7,+12173673696,Ms. Joanne Wuckert
324,Troy Fahey IV,915204461,,,,,,+13018558289,Kelly McLaughlin Sr.
325,Nicole Hudson,935020263,amiga,4,Portuguesa,,,+17295861947,Vivian Dibbert
326,Rose Morar,938733157,"amiga ",2,Portuguesa,,,+12914226064,Joann Nicolas
327,Andrew Runte,912030598,"Farhad ",3,americana,,,+16649345182,Luz White-Funk
328,Elbert Fritsch,,Cigana  - amiga,,,"Carrinho 7m mesa cadeira ",Avisados,+15014514425,Dana Von PhD
329,Julio Ward,915204461,amigo,,,,,+12646361268,Beverly Jenkins
330,Kristin Kuhic,936799706,Amigo,3,Brasileiros,girl 5,,+16137400893,Eunice VonRueden
331,Damon Steuber PhD,812244887,Filha,6,Portuguesa,,Crian�a 5,+18347482893,Lorene Cormier
332,Darryl Berge,936799704,,,,,,+17124264052,Mrs. Ida Donnelly
333,Alice Wehner,933914520,"Colega trabalho ",4,"Brasileira ",,,+14492944268,Lucy Towne
334,Lillian Berge,9235965588,Amiga,1,Columbiano,,,+19713624468,Linda Gutmann PhD
335,Delia Kling PhD,913868452,Claudina,4,Brasileiro,,,+17352042028,Mrs. Cecilia Bartell
336,Bennie Medhurst III,911785048,Wiliane,,,,,+12637169081,Earnest Heller MD
337,Sandra Dach Sr.,916380344,amigo,1,Colombiano,,,+16109617241,Virginia Murazik
338,Kim DuBuque,912482475,amiga,2,"brasileira ",,,+12195697990,Adam Rath
339,Wade Wilkinson,910279915,amiga indiana,4,Hong  Kong,,,+19312774245,Pete Gleason
340,Ken Kirlin,964493294,,,,,,+15279657566,Dr. Mamie Adams
341,Miranda Lesch,961559892,Amiga,4,Brasileira,,Boys 5 e 2,+18803800936,Cindy Johnston
342,Dr. Ricky Kris,934848386,Alberto Sampaio,,,,,+14894355048,Shawn Durgan Sr.
343,Carrie Schmitt,926955079,Junta S�o Lazaro,,,,,+17518948631,Bobbie Kertzmann
344,Eric Swift,915471459,Carla - Hostel,,,,,+13559344076,Evan Zboncak III
345,Marcos Anderson,964918499,Amiga,2,Brasileiros,,,+15203030097,Corey Homenick
346,Mrs. Grace Hermiston-Morissette,920412783,prof.,3,Nepal,,menina 9 meses,+15639375686,Dr. Toby Mayert V
347,Abraham Dicki,910763940,,7,Congolesa,,,+18739824163,John Stamm
348,Alfred Langosh,937151699,Junta S�o Lazaro,,,,,+14315303356,Carol Bins
349,Steven Powlowski,ts4)d4,,,,,,+19568888912,Angie Buckridge
350,Drew Runolfsson-Padberg Jr.,936405741,Prima,5,,,,+14936143612,Dexter Sauer
351,Raquel Doyle,,"Irm� ",2,"Brasileiro ",,,+16074165912,Ruby Kovacek
352,Mr. Abraham Witting,,VaP,,,,,+12407980081,Joanna O'Connell
353,Dr. Leslie Aufderhar,933736327,chat ucranian,,Ucraniana,,,+17785442990,Mr. Devin Macejkovic
354,Hector Denesik,932272674,Amigas,4,Colombiana,,,+14546637363,Judy Osinski
355,Jeffery Borer-Lueilwitz,931421216,amiga,4,Brasileiro,meninas de 3 e 6,,+18175977169,Sally Lebsack
356,Mr. Orville O'Kon,935338646,,,Ucraniana,,,+15546180340,Jose Willms
357,Cheryl Block,0968�042�273,Farhad/Colega VaP,4,Argentinos,,,+16144476926,Angelo Bruen
358,Eleanor Balistreri-Stark,913624368,"Facebook ",2,Brasileira,,,+14727905606,Nick Considine Jr.
359,Cesar Ebert,913634727,Sandra,3,Brasileiros Pitt,,,+14687108415,Clyde Greenholt
360,Natalie Morissette,916381179,Volunt�ria,4,peruana,,,+14177911624,Timothy Spinka
361,Beth Bayer,920231914,freguesia,6,,,,+14959008660,Vicki Dach
362,Andres Runolfsdottir,920378054,amigo,4,Nepal,menina 7,,+13398295814,Matthew Heidenreich
363,Crystal Schmitt,927507476,Centro comerci,3,Portuguesa,,Girls 5 e 8,+19198543444,Paul Nienow
364,Morris Leuschke,0962629505,,,"Ucranianos ",,,+16895822442,Dr. Doreen Schowalter
365,Dr. Adrienne Strosin,938833502,,,Ucraniana,,,+19019086018,Shelia Raynor
366,Brendan Hamill,351933146064,Farhad - Ucraniana,2,Ucraniana,Calcas de tamnho 32-33 para filha,,+18817995329,Joel Koss
367,Pat Reilly,920038329,"Trabalha no shopping ",1,Portuguesa,,,+15717796748,Orlando Bosco DVM
368,Malcolm Cartwright,964562272,amigos,2,Brasileira,,,+17515836947,Felicia Hoppe
369,Mona Bogisich MD,910836183,Colega,2,Brasileiro,,,+15423070339,Dexter Cormier
370,Faye Mayer,911915294,"Farhad ",3,americana,,,+14986585712,Dr. Pete Monahan
371,Mr. Emilio Bergnaum,912585700,amiga,,angolana,,,+14444832089,Lora Zboncak-Dietrich
372,Roosevelt Upton,,Colega,1,Portuguesa,,,+12947122128,Edith Sawayn
373,Sheila Trantow,920520304,Amiga,4,Nepal,,Boy 1 Girl 11,+12859350120,Phil Nitzsche DDS
374,Betsy Deckow Jr.,934080958,prof Rita Maximinos,5,argilinos,,Avisados,+17955903010,Mr. Jamie Gerhold DVM
375,Mr. Arthur Bahringer,939170260,Amigo,3,Brasileira,,,+12118066373,Melinda Paucek
376,Wilson Gislason DDS,,Jaquiline,2,Brasileira,,,+15097156003,Veronica Daniel
377,Kara Abbott III,,Facebook,4,"Portugu�s ",,,+18976597918,Johanna Bogan
378,Mr. Derrick Kub,937907650,Net,3,"Brasileira ",colch�o de solteiro e casal,,+12594266695,Elias Bailey PhD
379,Gladys Reynolds,967640837,amigos,1,Columbiano,,,+17369271311,Violet Hamill
380,Melissa Tillman,933154951,"Colega d trabalho ",1,Brasileira,,,+14923351289,Darrin Casper
381,Christina Lebsack,.91598429,amigo,2,brasileiro,,,+17769263335,Derrick Nicolas
382,Dwayne Little,939421554,"colega ",2,"portuguesa ",,"gr�vida ",+14832742799,Alton Watsica
383,Dr. Stewart Connelly,925904702,amigos,4,"Brasileiros ",,Areias S. Vicente,+16576413515,Margaret Wiegand
384,Opal Crist,929392545,amiga,4,brasileiro,,,+15759680542,Herman Frami
385,Luke Collins,936799704,amigos,,,,,+19902932919,Johnnie Beer
386,Dr. Ignacio Bednar,934640398,Amiga,1,"Colombiano ",,,+14377099585,Willard Bogan
387,Jeanette Champlin,934640398,Evelyn,,Columbiano,,,+14773783625,Madeline Mills
388,Sue Hansen,934731248,amiga,4,Angolana,,meninos 4 e 8,+12577702864,Florence Deckow
389,Ms. Delores Mohr,914176648,S� de Miranda,5,Indiana,,,+13436107202,Mr. Ted Beatty
390,Bernard White,,Palmira,4,"Portugu�s ",neta 5,,+12047605079,Andy Oberbrunner
391,Caleb Veum,915298566,Colegas,1,Espanha,,,+18363174107,Iris Kiehn-Carroll Sr.
392,Carl Bayer II,962145923,Dra Helena VAP,,,,,+15744211015,Harry Kuhlman
393,Emma Leffler,937907650,,,Brasileiro,,,+13349129143,Nadine Donnelly V
394,Rudy Weissnat,910891158,Amiga,4,"Brasileira ",,boy14 girl 10,+14254621272,Winifred Funk
395,Desiree Harris,938375828,work colleague,,,,,+15543841784,Betsy McLaughlin
396,Kellie Dare,934943325,,,,,Avisados,+15275637592,Bonnie Lynch MD
397,Jonathon Jacobi,920066920,Alberto Sampaio,,,,,+16912279185,Garrett Aufderhar III
398,Elbert Schuppe,933151424,amiga,4,angolana,,,+15606001340,Dr. Lee Koepp
399,Mr. Van Rempel,920043962,,,Ucraniana,,,+13036897982,Jessie Christiansen
400,Alex Leuschke V,933056963,"Farhad//luisa Ferreira ",1,"Afeganist�o ",Quarto at� 300�,"� volunt�rio ",+18283706292,Ronald Goyette
401,Luis Klein,911837873,Junta Freguesia,3,brasileiros,,,+19549861680,Karen Dibbert
402,Brandi Stokes,921633539,amigo,2,,,,+14767954722,Dwayne Kulas
403,Elbert Hills DVM,939044560,amigo,3,peruana,,,+19468821569,Josh Hodkiewicz
404,Miss Alma Vandervort,939470166,FB,4,Portuguesa,,2 meninas 12 e 17,+18636974081,Cindy Beatty I
405,Dr. Austin Hoeger,933139543,Amiga,4,Brasileira,,,+17326606346,Ms. Kari Krajcik
406,Ronald Heidenreich,674361738,Primo,1,Espanhol,,,+16704156286,Susan Schaefer
407,Hugo Wilderman,935693904,Amiga,4,Nepal,,girl 8,+17553549041,Suzanne Krajcik
408,Charlotte Konopelski,935382404,,,Brasileiro,,"Amiga ",+15628373699,Connie Leuschke
409,Terri Hoppe-Lebsack DVM,933150340,Amiga,3,Angolana,,,+16204406047,Seth Fisher
410,Dianne Pacocha,933163904,"Amiga ",5,Brasileiros,,,+13235866598,Duane Welch
411,Renee Smith,935795193,FB,4,Marroquino,,boy 8 girl 3,+16799532267,Georgia Lakin
412,Inez Wunsch,910383244,,6,Congolesa,,,+15104358396,Dr. Maureen Purdy
413,Cassandra Collier,910226262,escola sampaio,3,colombianos,,,+15896121273,Melvin Wolf
414,Cory Barton,928090203,"colega ",1,Portuguesa,,,+12156263297,Marsha Rohan III
415,Eunice Schinner,938201745,Janaina,2,"Brasileiro ",,,+12842248216,Eileen Rempel
416,Jermaine Olson,920242140,friend,3,"Paquist�o ",,"Girl 1 Boy 16 ",+17337155296,Julio Conn PhD
417,Marsha Runolfsdottir,936256379,"Amiga ",4,"Brasileiros ",,,+15514368722,Willie Ebert
418,Geneva McLaughlin,933938297,,,,,,+15719424167,Theresa Abernathy
419,Brandi Graham,964742817,"Irma shoping ",1,"brasileira ",,,+19276801811,Dr. Caleb Krajcik
420,Mr. Clinton Lueilwitz,910130514,amiga,4,,,,+14813085059,Randall Williamson
421,Nick Metz,,"internet ",3,"s�o Tom� ",,menino 1 ano,+17259234641,Dr. Juanita Baumbach
422,Rudolph Johns MD,920092766,yudi,3,"Nepal ",,bebe 2 meses,+14399090952,Pete Koelpin
423,Eric Terry PhD,939141333,"colegas de trabalho ",2,brasileira,,,+18062566422,Mrs. Anne Feest
424,Dennis Metz,939141333,Amiga,2,"Brasileira ",,2 ADULTAS,+17215818073,Geoffrey Blanda
425,Carmen Grant,935284829,k37,1,Portuguesa,,,+14759567913,Charlene Kovacek V
426,Dave Hauck-Considine,967464700,escola de Maximinos,1,brasileira,,,+13868599475,Josh Reinger
427,Danielle Cummings-Schroeder,964533199,Virar a p�gina,3,portuguesa,,,+18396526876,Dean Gutkowski-Gleason
428,Jan Hermiston,960007451,amigo,3,brasileira,,girl 10,+13512098604,Heather Hoppe
429,Sue Kemmer,,,,argilinos,,,+18573439104,Victor Keeling II
430,Matthew Reichel MD,920398621,Amigas,2,Brasileira,,,+14367277524,Carlos Kohler
431,Luther Carter,913786098,"Facebook doar e trocar ",3,"Brasileira ",,,+17335696810,Dr. Janet Langosh
432,Henry Kulas,910447902,Colega keling,4,Brasileira,,,+13804282744,Ethel Nicolas
433,Philip Schmeler,929343421,Amiga,1,"Colombiana ",,,+19118102549,Bennie Stokes
434,Terri VonRueden,911841771,Padre de S�o Laz�ro,7,angolana,,,+12974650551,Rochelle Ullrich
435,Ms. Rachael Runte,925678938,"Facebook ",2,"Brasileira ",,,+13334916122,Mrs. Teresa Mills
436,Maria Doyle,912154772,Junta Freguesia,2,"Brasileiro ",,,+13147303589,Matthew Dooley
437,Sarah Windler,926313002,Junta,6,"Angolanos ",,girl 7 e 18 boy 11 e 15,+13919118238,Mr. Omar Larkin
438,Sharon Veum,912244887,Igreja Mac,7,Port./Ang.,Menina 3,"meninos 17, 11, 6",+17626919318,Mrs. Sonya Kunde
439,Hattie Senger,913311552,,4,Brasileira,,,+18716299730,Lynn Langworth
440,Phyllis Wisoky,927551828,Colega,4,Brasileiros,,,+16947131503,Angela Runolfsdottir
441,Kerry Ritchie,962545982,amigo,5,"Uruguai ",,,+15418719904,Johnathan Powlowski
442,Grady Murray,961432106,,,,,,+17903555225,Sheila Price
443,Steve Aufderhar,926846366,Colega,2,Brasileira,,Menino 11,+16733168103,Joseph Mueller
444,Melody Hettinger,910226235,Junta,5,Brasileira,,girl 1 boy 14,+15023960901,Philip Kunze
445,Dwight Balistreri,920337743,"Facebook ",2,"colombiano ",,,+15459773468,Debra Fisher
446,Mable Rath,914422072,"amiga ",3,Brasileiro,,,+19299794851,Guillermo Purdy-Deckow
447,Nichole Keebler,929243290,amiga,2,brasileira,,menino 10 anos,+17895834065,Terrence Predovic
448,Lee Koss,913977179,Sandra VaP,4,portugueses,Tem menina com problemas de saude,,+15954333808,Gabriel Batz IV
449,Gina Gusikowski,920548345,Amigos,1,"Ucraniano ",,,+19808740126,Vernon Kuhic
450,Anthony Considine,914238524,amiga,2,"brasileiros ",,,+18693046638,Ramona Wunsch
451,Kristine Gerhold,938670704,Ucranian chat,,Ucraniana,,,+13174514404,Blake Roberts PhD
452,Katherine Anderson I,932618101,Daiana,2,Brasil e Venez,,,+17183844789,Matthew Bins
453,Enrique Feil,935262023,"Facebook ",3,"Brasileira ",,,+15475144501,Stephanie Mayert Sr.
454,Loren Waters,913374220,amiga,3,Brasileiro,,menina 1a7m,+14969885751,Nick Ernser
455,Lorena Schiller,911508712,"Amigo ",1,"Brasileiro ",,,+15975256815,Jerald Auer
456,Miss Francis West,932806813,,,Brasileiro,,Amigos,+17727036949,Isabel Robel
457,Alexandra Heller,911179136,amigo,,,,,+19663811442,Dr. Marcia Heaney
458,Israel Boehm,935940804,amiga,4,angolana,faz muitos coment�rios,,+18264831983,Emily Schowalter
459,Sheldon Zboncak,963974583,Alberto Sampaio,,,,,+12602020045,Merle Glover-Schaden
460,Johanna Kuvalis,963474853,Farhad curso Port,,,,,+18337882146,Robin Nicolas
461,Naomi Sanford,912479186,amigo,1,brasileiro,,,+18688499855,Patsy Fritsch
462,Edwin Becker-Ortiz,938477948,Ucranian chat,2,Ucraniano,,"Tirou artigos hygienicos, com amigo",+13198633355,Judith Kihn
463,Darlene Corwin Sr.,930648734,,,Brasileiro,,,+16826024018,Loretta Jacobson
464,Oliver Prohaska,380685409253,,4,Ucraniana,,,+12335065706,Theresa Stoltenberg-Graham
465,April Skiles IV,916 649 938,Farhad/Telegram,2,Ucraniana,,menina 7 anos,+16853550828,Gilbert Sawayn
466,Krystal Hahn,927969833,"amigos ",3,S�ria,,,+19427642072,Martha Rogahn V
467,Sonja Parisian,926435922,"amigos ",2,"Fran�a ",,,+18419471241,Gwendolyn Satterfield
468,Jacob Hane-Davis,,amigos,5,"Brasileira ",,menina 5 e meninao 4,+13709294720,Mack Kozey
469,Felipe Hane,,cunhada,2,"Brasileira ",,,+17954204314,Ms. Caroline Farrell Jr.
470,Henry Langworth,913381944,amiga,4,"Brasileira ",,memina 7 e menina 12,+14507020831,Elbert Kuvalis
471,Ernesto Schuster-Thompson,,amigo,2,Portuguesa,,,+14329048524,Benjamin Gutmann
472,Nick Fadel,,amigo,2,"Portugu�s ",,,+18233842725,Tyler Dietrich
473,Barry King,964561774,"redes sociais ",4,"Ucr�nia ",,"menino 8, menina 7 e menina 4",+17169026581,Miss Lola Wehner
474,Christopher Gutkowski,43739412,"projeto ",1,"Guatemala ",,,+18572532467,Sandy Becker
475,Mercedes Waters,966816646,"par�quia ",4,"brasileira ",,menino 5 e 2 anos,+16855323141,Alicia D'Amore
476,Joanne Towne DVM,964432371,"colega de trabalho ",7,"portuguesa ",,menino 4 anos,+17903848353,Rosemarie Jacobi
477,Dana Lesch,932388771,"Volunt�ria Karina ",5,"brasileira ",,"irm� com mobilidade reduzida ",+15568471117,Eva Franecki Jr.
478,Cary Dooley,937049854,"Volunt�ria Karina ",2,"columbiano ",,,+12379175863,Julie Leffler-Ferry
479,Carrie Smitham,928142653,"fam�lia ",3,"brasileira ",,menina 4 anos,+12036686622,Rogelio Lueilwitz
480,Jessie Gislason,938847250,"fam�lia ",2,"Guin� ",,,+18988616840,Dr. Ronnie Langosh
481,Sophie Wehner,966702342,amiga,1,"cabo ",,,+14389811455,Miss Stacy Nitzsche
482,Dr. Nicolas Luettgen,935637090,Farahd,5,cabo,,,+17209167290,Karla Grimes
483,Danny Leuschke,920378652,"amigos ",4,"colombiano ",,,+12866745924,Ms. Joann Hickle
484,Delores Bergnaum V,962982039,"amiga ",3,"brasileira ",,menina 8 anos,+16617977580,Brenda Lehner
485,Christie Yost,914708868,F�tima - beneficiaria,1,portuguesa,,,+16847757564,Jason Becker
486,Monica Grimes,920335883,fatima - beneficiaria,5,"Guin� ",,,+14142830869,Marianne Ratke
487,Herbert Labadie,964817256,vap,,"portugu�s ",,buscar roupa para beneficiario,+14623278927,Miranda Littel
488,Kristopher Beatty III,932530071,amigos,1,,,,+13956423664,Wendy Wiza
489,Jean Christiansen,936535557,junta freguesia,3,Brasileira,,menina 3 anos,+19706239917,Morris Schuppe
490,Dale Koss,938631691,"junta freguesia ",3,brasileiro,,1 anos,+18628778994,Tammy Jakubowski-Hudson
491,Beth Ruecker,964702342,,,"Franc�s ",,,+13836593553,Lena Oberbrunner
492,Eugene Wolf,927684412,"Said ",1,,,,+17863132258,Dr. Hazel Cronin
493,Delbert Luettgen,966466324,amiga,4,"brasileira ",,,+12086430248,Mamie Metz
494,Marguerite Hagenes,937327312,amiga,5,"brasileira ",,,+18904542700,Chad Hodkiewicz
495,Gustavo Lockman,923170039,amigos,4,"Camer�es ",,,+15212531270,Terence Schoen
496,Stephen Hagenes,911835179,amiga,1,"Brasileiro ",,,+17327224467,Deborah Adams-Cole
497,Wilson Wilkinson,962575315,Pedro - VaP,2,"portugueses ",,,+16664014662,Simon Kuphal Sr.
498,Roxanne King Sr.,931750152,amiga,4,brasileiro,,,+13076381808,Charlene Upton I
499,Calvin Schultz,925549957,"amigos ",1,"brasileiro ",,,+16312451064,Ms. Gail Marvin
500,Earl Schultz,925567760,"amigos ",2,brasileiros,,"sobrinho ",+14486659619,Rita Donnelly
501,Silvia Hayes,920497359,cunhada,4,brasileiros,,,+13903820102,Diane Wuckert
502,Ruby Aufderhar,937927108,amigos,5,brasileira,,,+15888191783,Muriel Hansen
503,Maria Herman IV,927324784,"amigo ",1,portuguesa,,,+13066163282,Jorge Gislason I
504,Nick Koss,965768067,"amigos ",1,"portugu�s ",,,+12994005676,Louise Champlin
505,Linda Franey,931843689,"vizinha ",3,caman,,,+14034313551,Frances Lubowitz IV
506,Miss Rosalie Lubowitz,961395829,"irm� ",4,"Angolana ",,,+15983117342,Pam Mraz IV
507,Cecelia Bosco,,"junta de freguesia ",5,"Bulg�ria ",,,+13579735491,Kara Emard IV
508,Lionel Emmerich-Swaniawski,,amiga,1,"cabo-verdiana ",,,+14658194949,Lydia Smith
509,Eloise O'Reilly,,,,,,,+18572101123,Sabrina Marquardt
,Elsa Schulist,,,,,,,+14155310402,Elaine Beahan